id,vis,navn,status,start,koordinater,beskrivelse,medier,opdateret,note
knudhule-badebro,TRUE,Knudhule badebro,Virker,Dock,"56.1029787, 9.7835161","Navn på Lokation:
Knudhule Badebro, Knudsø

Adresse:
Knudhulevej 15, 8680 Ry, Danmark

Beskrivelse af Dock:
En offentlig badebro med lav højde over vandet, perfekt til dockstart for pumpfoil. Broen er solid og bred nok til at klargøre udstyr komfortabelt. Start fra siden af broen er let tilgængelig og giver en god platform for både begyndere og øvede.
OBS. Badebroen bliver taget ned i vinterhalvåret. Omkring 1/11 i år 2025.

Bundforhold:
Ren søbund primært bestående af sand uden generende tang eller planter. Vanddybden tæt på broen er ideel til pumpfoil, og dybden øges gradvist. Ingen skjulte forhindringer, hvilket gør foiling sikkert.

Vind- og Vejrforhold:
Området er ofte beskyttet mod kraftig vind, hvilket giver rolige vandforhold. Bedst egnet på dage med lidt eller ingen vind. Kan også anvendes med vind fra østlige retninger man ikke mærker vinde pga. træer og fralandsforhold.

Tilgængelighed:
Der er gratis parkering lige ved Knudhule Strand, kun få meter fra badebroen, hvilket gør det nemt at transportere udstyr. Området er ikke direkte tilgængeligt med offentlig transport, men kan nås med cykel eller bil fra nærliggende byer.

Faciliteter:
Offentlige toiletter og omklædningsfaciliteter er tilgængelige ved stranden. Der er også en café/restaurant i nærheden, hvor man kan nyde mad og drikke efter en session på vandet.

Sikkerhedstips:
Vær opmærksom på andre badende, især i sommermånederne. Sørg for at holde afstand til svømmeområdet for at undgå kollisioner. Det er vigtigt at respektere badegæster og svømmere i området.

Lokale Regler og Restriktioner:
Undgå at forstyrre fiskere eller andre brugere af søen. Følg eventuelle anvisninger på skiltning omkring badeområdet.

Andre Bemærkninger:
Knudhule Badebro er et favoritsted pumpfoil-entusiaster, og der er ofte andre foilere at møde, hvilket skaber en hyggelig atmosfære. Når der er vind fra vestlige retninger er det desuden et godt sted at windsurfe, wingfoile og windfoile.","https://mymaps.usercontent.google.com/hostedimage/m/*/3AAjQbR7EJGXr--CHLdXzRX6De1X_msk8zPm9R3EdHSHJ1yZ6gnGdfQOdEGABx_f5U3vZd4hnUwLpcNCtM2Zc3SwUq0l0aOq34-uaVbB5ZQNSZWItu5_7crC0_ce_QhBHiq7Qs8vSowdgoucwSiwepH-0hERoA4Fe2rC2N89Ub61ktyLQSLgYBRv6gR-Dz3ofX2-nnslll5uwlBknBxhQ5m3CNBx9axzzCBh6xK630sFDmxX9ycw7n3tK5jAbJeQ?authuser=0&fife=s16383
https://www.youtube.com/watch?v=tPW2mcTQEPQ
https://mymaps.usercontent.google.com/hostedimage/m/*/3AAjQbR50Yv6yldFLgrNQQkaQUmXkeaTV8D8IdfBJKm9Xy9O92tsBl6CqyYkLQEmW0B-zJhV-3IFwq3B_S6NGGzrBIrtyLC1_Hki1g6oxKR_4Y3KwiJM1vWlDW5v3S5Htz4G5XOjrgeJDRF0FXWXc_G4N8Wyb6ehp4M9meOEKAloKFt1oE_KsmkL_evWHkk1Ay3FkwnB1sLfuePNgNZn7fpBevkKM911d8h5ytgj7RG9J02GdgNHjiAmp9DRheRY?authuser=0&fife=s16383",2026-09-23,
knudhule-lystbaadhavn-1,TRUE,Knudhule Lystbådhavn 1,Virker,Dock,"56.1046430, 9.7828410","Adresse:
Knudhulevej 15, 8680 Ry, Danmark

Beskrivelse af Dock:
En offentlig havnebro. Fint plads til at løbe på, men der er en liste yderst på kanten som gør det lidt svært at placere fødderne når man springer ud fra broen.

Bundforhold:
Ren søbund primært bestående af sand. Der er enkelt genstande i området ved havnen som man kan ramme, men ikke et stort problem. Der er nogle gange lidt plantevækst inde i selve havneområdet. Hvis der er algeopblomstring er det også herinde det er værst.

Vind- og Vejrforhold:
Området er ofte beskyttet mod kraftig vind, hvilket giver rolige vandforhold. Bedst egnet på dage med lidt eller ingen vind. Kan også anvendes med vind fra østlige retninger man ikke mærker vinde pga. træer og fralandsforhold.

Tilgængelighed:
Der er gratis parkering lige ved Knudhule Strand, kun få meter fra badebroen, hvilket gør det nemt at transportere udstyr. Området er ikke direkte tilgængeligt med offentlig transport, men kan nås med cykel eller bil fra nærliggende byer.

Faciliteter:
Offentlige toiletter og omklædningsfaciliteter er tilgængelige ved stranden. Der er også en café/restaurant i nærheden, hvor man kan nyde mad og drikke efter en session på vandet.

Sikkerhedstips:
Vær opmærksom på andre badende, især i sommermånederne. Sørg for at holde afstand til svømmeområdet for at undgå kollisioner. Det er vigtigt at respektere badegæster og svømmere i området.

Lokale Regler og Restriktioner:
Undgå at forstyrre fiskere eller andre brugere af søen. Følg eventuelle anvisninger på skiltning omkring badeområdet.

Andre Bemærkninger:
Knudhule Badebro er et favoritsted pumpfoil-entusiaster, og der er ofte andre foilere at møde, hvilket skaber en hyggelig atmosfære. Når der er vind fra vestlige retninger er det desuden et godt sted at windsurfe, wingfoile og windfoile.",,2026-09-23,
knudhule-lystbaadhavn-2,TRUE,Knudhule Lystbådhavn 2,Virker,Dock,"56.1047387, 9.7822536","Adresse:
Knudhulevej 15, 8680 Ry, Danmark

Beskrivelse af Dock:
En offentlig havnebro. Fint plads til at løbe på, men der er en liste yderst på kanten som gør det lidt svært at placere fødderne når man springer ud fra broen.

Bundforhold:
Ren søbund primært bestående af sand. Der er enkelt genstande i området ved havnen som man kan ramme, men ikke et stort problem. Der er nogle gange lidt plantevækst inde i selve havneområdet. Hvis der er algeopblomstring er det også herinde det er værst.

Vind- og Vejrforhold:
Området er ofte beskyttet mod kraftig vind, hvilket giver rolige vandforhold. Bedst egnet på dage med lidt eller ingen vind. Kan også anvendes med vind fra østlige retninger man ikke mærker vinde pga. træer og fralandsforhold.

Tilgængelighed:
Der er gratis parkering lige ved Knudhule Strand, kun få meter fra badebroen, hvilket gør det nemt at transportere udstyr. Området er ikke direkte tilgængeligt med offentlig transport, men kan nås med cykel eller bil fra nærliggende byer.

Faciliteter:
Offentlige toiletter og omklædningsfaciliteter er tilgængelige ved stranden. Der er også en café/restaurant i nærheden, hvor man kan nyde mad og drikke efter en session på vandet.

Sikkerhedstips:
Vær opmærksom på andre badende, især i sommermånederne. Sørg for at holde afstand til svømmeområdet for at undgå kollisioner. Det er vigtigt at respektere badegæster og svømmere i området.

Lokale Regler og Restriktioner:
Undgå at forstyrre fiskere eller andre brugere af søen. Følg eventuelle anvisninger på skiltning omkring badeområdet.

Andre Bemærkninger:
Knudhule Badebro er et favoritsted pumpfoil-entusiaster, og der er ofte andre foilere at møde, hvilket skaber en hyggelig atmosfære. Når der er vind fra vestlige retninger er det desuden et godt sted at windsurfe, wingfoile og windfoile.",https://www.youtube.com/watch?v=zhNAUUUrrD8,2026-09-23,
egaa-marina-roklubben,TRUE,Egå Marina (Roklubben),Virker,Dock,"56.2110775, 10.2901626","Navn på Lokation:
Egå Marina

Adresse:
Egå Havvej 35, 8250 Egå, Danmark

Beskrivelse af Dock:
Egå Marina har en rigtig god flyde dock ved Roklubben der er velegnede til pumpfoil med dockstart. Broerne har en passende højde over vandet og tilbyder området tilbyder god plads til at klargøre dit udstyr.

Bundforhold:
Vandet omkring marinaen er dybt og har ikke nogen forhindringer, hvilket er ideelt for foiling.

OBS. I nogle tilfælde kan der være lidt forurening i vandet, såsom dieselolie, så det er en god idé at tjekke forholdene inden din session.

Vind- og Vejrforhold:
Marinaen skærmer godt af for vind, men dog være udsat for vind, især fra østlige retninger. Kraftig modvind kan gøre det udfordrende at pumpe ligeud, da vinden kan dreje boardet til siden. Bedst egnet på dage med let vind eller vind fra vestlige retninger, hvor marinaen giver læ.

Tilgængelighed:
Der er rigeligt med parkeringspladser tæt på molerne, hvilket gør det nemt at transportere dit udstyr til vandet. Området er tilgængeligt med offentlig transport fra Aarhus, med busstoppesteder i nærheden af marinaen.

Faciliteter:
Egå Marina er veludstyret med faciliteter såsom toiletter, bade- og omklædningsrum. Der er også caféer og restauranter i området, hvor du kan slappe af efter din session. En kiosk på stedet tilbyder snacks og drikkevarer.

Sikkerhedstips:
Vær opmærksom på bådtrafikken i havnen, især i weekender og på helligdage, hvor aktiviteten kan være høj. Sørg for at holde afstand til sejlruter og respekter andre brugere af havnen. Vær også opmærksom på eventuel forurening i vandet, som dieselolie, og undgå at foile i disse områder for din egen sikkerhed.

Lokale Regler og Restriktioner:
Følg havnens regler og anvisninger. Undgå at blokere sejladsen eller forstyrre maritim trafik. Respekter eventuelle skiltninger og instruktioner fra havnepersonalet.

Andre Bemærkninger:
Egå Marina er et populært spot for pumpfoil-entusiaster, og du kan møde andre foilere her. Området giver gode muligheder for at øve teknikker som at pumpe i cirkler og vende tilbage til docken.","https://www.youtube.com/watch?v=IlT7Ay1SHjY
https://www.youtube.com/watch?v=zs8mGIJnDVc",2026-09-23,
almind-soe-oestre-soebad,TRUE,Almind Sø (Østre søbad),Virker,Dock,"56.1480266, 9.5555384","Navn på Lokation:
Almind Sø, Østre Søbad

Adresse:
Almind Søvej 9, 8600 Silkeborg, Danmark

Beskrivelse af Dock:
Østre Søbad ved Almind Sø har en stor og solid badebro med lav højde over vandet, hvilket gør den helt ideel til dockstart for pumpfoil. Broen er bred og rummelig, hvilket giver god plads til at klargøre dit udstyr. Adgangen til vandet er nem og uden forhindringer, hvilket gør starten problemfri.

Bundforhold:
Bunden er sandet og ren med klart og indbydende vand. Måske det reneste vand i Danmark, hvorfor der stort set aldrig er alger i vandet. Der er ingen generende tang eller planter, og vandkvaliteten er høj. Vanddybden tæt på broen er mere end tilstrækkelig til foiling 2-5 meter. Ingen skjulte forhindringer gør området sikkert for både begyndere og erfarne foilere.

Vind- og Vejrforhold:
Almind Sø er kendt for sine rolige vandforhold, især på vindstille dage. Ofte er vandet så spejlblankt, at det kan være en udfordring at vurdere højden på masten, hvilket giver en unik foilingoplevelse.

Tilgængelighed:
Der er gratis parkering lige ved Østre Søbad, kun få meter fra badebroen, hvilket gør det nemt at transportere dit udstyr til vandet. Området er let tilgængeligt med bil og cykel fra Silkeborg og omegn. Offentlig transport er også en mulighed, med busforbindelser til nærheden af søen.

Faciliteter:
Østre Søbad tilbyder offentlige toiletter, omklædningsfaciliteter og badefaciliteter. Der er også picnicområder og græsplæner, hvor du kan slappe af før eller efter din session. Ingen caféer eller restauranter direkte på stedet, men Silkeborg by er kun en kort køretur væk, hvor du finder et bredt udvalg af spisesteder. I flere perioden er der en mobil kaffebar, hvor man kan købe kvalitetskaffe - super lækkert!

Sikkerhedstips:
Vær opmærksom på andre badende, især i sommermånederne, da søen er populær blandt svømmere. Sørg for at holde afstand til svømmeområderne for at undgå kollisioner. Da vandet kan være ekstremt roligt, kan det være udfordrende at vurdere din hastighed og højde på masten, så vær ekstra opmærksom på din teknik for at undgå fald. Broen bliver ikke pillet ned i vinterperioden, da den også er brugt meget til vinterbadning.

Lokale Regler og Restriktioner:
Kommunen har meldt ud at man ikke skal gå i land land søens bredder på SUP/foil. Det er derfor vigtigt at holde sig til badebroen. Ellers ender det med et “foil forbud”. Respekter øvrige lokale regler for brug af vandsportsudstyr. Undgå at forstyrre fiskere eller andre brugere af søen. Følg eventuelle anvisninger og skiltning ved badeområdet, og sørg for at efterlade området rent og ryddeligt.

Andre Bemærkninger:
Almind Sø, og specifikt Østre Søbad, er et af de absolut bedste steder at pumpfoile i området. Den rolige atmosfære og de ideelle forhold gør det til et perfekt sted for både træning og lange sessioner. Med rent vand og smuk natur omkring er det en oplevelse i sig selv at besøge dette sted.","https://mymaps.usercontent.google.com/hostedimage/m/*/3AAjQbR7McDomYBWxmFsfwc14F2qhXHxGh2sEiEYyBBCoLpsA4C36yao3e-3hU2E0AHLLlTPTKaGdqquv15I95zaPEpi3sbx7eSR5sdqVlw0Z5XL-3kajGf4mPO5hn8LiVlPPF4LHvDJPsCz1YbM7CA586w-w_-2fg5T_klybdAdlaYYtEd-R0LvhAEMq1Yj6lXuDdZ5c6KauiVq-OgH__pwq_pSKVe7ODbqfbgU0i2jToYPM0jJ_j-pMw-LLGvE?authuser=0&fife=s16383
https://mymaps.usercontent.google.com/hostedimage/m/*/3AAjQbR4ih4o_6YqalUn8UlQbIl08znYhETSDqyZ0GqUNL4bUOXXjJmc-eeLDwL_x5I1AVDPsrSPtVMd7YF2UmjQrSXZSYPLRCcueA_w2s_Dj_W5e7lQY-WAjSKQAGLP9FsJvil9YKS7tLQsGUqGp0SC_NqnV4NJDdPV0_uO9aAWvBtP9zXhkYJw9H5sSlSx1HA9KM2UqSKCO9DnHNtDmePrK-PnyHDrdjPfmlhfQ6zgFjn58Bj6rziricp2T9Xc?authuser=0&fife=s16383
https://mymaps.usercontent.google.com/hostedimage/m/*/3AAjQbR7oik3XKQpfFsBagcfteA_iz3zHc0Kuie7dOr1t4sZLnGPHU7Vdco4A54Bm8vqQ0gg2p6QkwdMHHSmPybooLqlGACxNrXm7LiPyvDhzC5c3uCUSlDNXw-Qy5Ej6uZBhRofMWGnUMh537EWVbGh3OvAF5U0POpWLViRWgMfLxhsassOLaDLWrdLbMNIO4rL9UUitZGg8h7BqJPXrBMJza_DTt-PnPjDgV5h17YUg3OOAWeuJtlrXOI9GHR4?authuser=0&fife=s16383
https://www.youtube.com/watch?v=ISbTzJbdR-0",2026-09-23,
nappedam-kajakklub-ved-hullet,TRUE,Nappedam Kajakklub (ved Hullet),Virker,Dock,"56.2766072, 10.4961324","Navn på Lokation:
Nappedam Kajakklub ved Nappedam Lystbådehavn

Adresse:
Nappedam 1, 8410 Rønde, Danmark

Beskrivelse af Dock:
Nappedam Kajakklub ligger ved Nappedam Lystbådehavn og har en solid bro, der er egnet til pumpfoil med dockstart. Broen har en lav højde over vandet, hvilket gør den ideel til afsæt. Der er tilstrækkelig plads til at klargøre dit udstyr, men vær opmærksom på, at området primært bruges af kajakroere, så vis hensyn og undgå at blokere adgangsveje.

Bundforhold:
Bundforholdene er generelt gode med en kombination af sand og småsten. Vanddybden tæt på broen er tilstrækkelig for foiling, og dybden øges hurtigt, hvilket giver sikkerhed ved eventuelle fald. Der er få undervandsplanter, hvilket minimerer risikoen for, at de hænger fast i foilen. Ingen kendte forhindringer i vandet gør området sikkert for både begyndere og erfarne foilere.

Vind- og Vejrforhold:
Området er forholdsvis beskyttet mod kraftig vind, men kan være udsat for østlige vinde fra Aarhus Bugt. Bedst egnet på dage med let vind eller vind fra vestlige retninger, hvor kystlinjen giver læ. Vindstille dage er ideelle for lange pumpfoil-sessioner, men let vind kan også være til gavn for fremdriften.

Tilgængelighed:
Der er parkeringsmuligheder ved Nappedam Lystbådehavn, kun få meter fra kajakklubben, hvilket gør det nemt at transportere dit udstyr til vandet. Offentlig transport til området er begrænset, så bil er den mest praktiske måde at komme dertil på.

Faciliteter:
Nappedam Kajakklub har adgang til toiletter og omklædningsfaciliteter. Der er ingen caféer eller restauranter direkte ved havnen, men Rønde by, som ligger tæt på, tilbyder flere spisemuligheder og butikker, hvis du har brug for forfriskninger efter din session.

Sikkerhedstips:
Vær opmærksom på kajakroere og andre vandsportsudøvere i området. Sørg for at give plads og undgå kollisionsrisici. Hold også øje med bådtrafik fra lystbådehavnen, især i sommermånederne. Det anbefales at bære en redningsvest og eventuelt bruge signalflag for at øge din synlighed på vandet.

Lokale Regler og Restriktioner:
Respekter kajakklubbens område og de lokale regler. Det kan være en god idé at kontakte klubben for at sikre, at det er i orden at bruge broen til pumpfoil. Følg eventuelle anvisninger og skiltning på stedet, og sørg for at efterlade området rent og ryddeligt.

Andre Bemærkninger:
Den naturskønne beliggenhed ved indsejlingen til Kalø Vig giver en unik oplevelse, og området er mindre trafikeret end andre spots som Egå Marina.",,2026-09-23,
vejle-kajakklub,TRUE,Vejle Kajakklub,Virker,Dock,"55.7081315, 9.5564028","Navn på Lokation:
Vejle Kajakklub ved Vejle Havn

Adresse:
Skyttehusgade 34, 7100 Vejle, Danmark

Beskrivelse af Dock:
Vejle Kajakklub ligger centralt i Vejle Havn og har en lav flydebro, der er velegnet til pumpfoil med dockstart. Broen er designet til kajakker, men kan med forsigtighed benyttes af foilere. Højden over vandet er ideel, og der er tilstrækkelig plads til at klargøre dit udstyr. Vær opmærksom på, at broen primært bruges af kajakroere, så det er vigtigt at vise hensyn og koordinere med klubben inden brug.

Bundforhold:
Bundforholdene i havneområdet er generelt gode med en sandet og mudret bund. Vanddybden tæt på broen er passende for foiling, men da Vejle Fjord har tidevand, kan dybden variere.

Vind- og Vejrforhold:
Vejle Fjord er beskyttet mod stærke vinde fra vest, men kan være udsat for østlige vinde, der blæser direkte ind i fjorden. Bedst egnet på dage med svag til moderat vind.
Vær opmærksom på, at vindretningen kan skabe strømforhold, der påvirker foiling.

Tilgængelighed:
Der er gode parkeringsmuligheder tæt på kajakklubben, hvilket gør det nemt at transportere udstyr til vandet. Offentlig transport er let tilgængelig med Vejle Banegård inden for gåafstand.

Faciliteter:
Vejle Kajakklub tilbyder faciliteter som toiletter, omklædningsrum og opbevaringsskabe. Disse faciliteter er primært forbeholdt klubbens medlemmer, så det anbefales at kontakte klubben for at høre om mulighederne. I nærheden finder du caféer, restauranter og butikker, hvor du kan købe forfriskninger eller udstyr.

Sikkerhedstips:
Vær særlig opmærksom på den maritime trafik i havnen, herunder lystbåde, fiskerbåde og turbåde. Hold dig uden for de markerede sejlruter og vær synlig for andre på vandet.

Lokale Regler og Restriktioner:
Følg havnens generelle regler, og vær opmærksom på skiltning omkring hastighedsbegrænsninger og sikkerhed.

Andre Bemærkninger:
Lokale foilere anbefaler at undgå travle perioder i havnen for at minimere risikoen for kollisioner og for at få mest muligt ud af din session.","https://mymaps.usercontent.google.com/hostedimage/m/*/3AAjQbR7Jv1jrAq6vV3yWA9SNJjrMouEl4hkmyGgvlLcz6IrOnl9CHY36TjIUuFnTZy9k9Fyge-VfYMLFFUtq2eyxzTW2Kh-BuhFzbpgzI067PnExcnanpyuO43F_LddCgWFXit2_B2NlTyMuT002hr1oHG6HHliVGvD9K1dlqR7joVZlvLMI79ISMoalkOxJ3RJf-sXMWRuME89zlaignAIrKuMGbprnq9tcZ8d2Cb5lUrLXSJzBPpi_g0aB2Ao?authuser=0&fife=s16383
https://mymaps.usercontent.google.com/hostedimage/m/*/3AAjQbR4Exk2oY9uYlXZ5vymYeJtXcB6zSdpqvShiR-Vy9wEXd5fSDt4tUd8ZL4dmkCuRYdiG_nKVbhWzubQaWcIgOR1KCVdLvojNxExFVroILw2SAgD1LbpABRC-K0XuNDp3vtC5-UPj5kYTIfHnJv5rr_KbkeGZow-hwmczF3YGx-K4kH6O0QMrECFvYYBLUzDfClJa79pHTpY4h_3O7fM2_6pEpXvCyE_DDp_H-NtyxQSZilfyPonoXMEqNDU?authuser=0&fife=s16383
https://mymaps.usercontent.google.com/hostedimage/m/*/3AAjQbR53UBQ6jYkWI2B77g-S26hdUkIpWhkJnIWBTFyoN8qb_fLvO7P5eNRQ8HKo442Yi5wiJ0E4Xq8zNpY0eg6mbOW2dHa4xy2snLxILVZ-asVyGvFtHnAd6S0yOj8CNTOWua-VvwG3XBaAFMWNdZQRV1cEpI0dEGhmMo-nhrEwzPpCLnjbqAr2BtaIK_s8xtpEOfLcmfAsKg7M86MXyxQQXQRyb1oZs2RjTEYJvHuvPgD5NlJgeeWtBPFehEA?authuser=0&fife=s16383
https://www.youtube.com/watch?v=L6ydaJ5BZuc",2026-09-23,
horsens-kajakklub,TRUE,Horsens Kajakklub,Virker,Dock,"55.8588850, 9.8751865","Navn på Lokation:
Horsens Kajakklub

Adresse:
Strandpromenaden 2, 8700 Horsens, Danmark

Beskrivelse af Dock:
Horsens Kajakklub ligger ved bredden af Horsens Fjord og har en lav flydebro designet til kajakker. Broen er velegnet til pumpfoil med dockstart, da den har en lav højde over vandet og er stabil.
Vær opmærksom på, at broen primært bruges af kajakroere, så det er vigtigt at vise hensyn og koordinere med klubben, hvis det er nødvendigt.

Bundforhold:
Bundforholdene omkring kajakklubben er generelt gode med en sandet og mudret bund. Vanddybden tæt på broen er passende for foiling, og der er få undervandsplanter, hvilket minimerer risikoen for, at de hænger fast i foilen. Der er ingen kendte forhindringer i vandet.

Vind- og Vejrforhold:
Horsens Fjord er beskyttet mod kraftige vinde fra vest, men kan være udsat for østlige vinde, der blæser ind i fjorden. Bedst egnet på dage med svag til moderat vind eller vindstille, hvilket giver rolige vandforhold ideelle til pumpfoil. Vejrforholdene kan variere, så det er en god idé at tjekke vejrudsigten inden din session.

Tilgængelighed:
Der er gode parkeringsmuligheder tæt på kajakklubben, hvilket gør det nemt at transportere dit udstyr til vandet. Området er let tilgængeligt med bil, og der er offentlig transport til Horsens centrum, hvorefter du kan gå eller cykle til klubben. Stien til broen er velholdt og nem at navigere med udstyr.

Faciliteter:
Horsens Kajakklub tilbyder faciliteter som toiletter, omklædningsrum og opbevaringsmuligheder, primært forbeholdt klubbens medlemmer. Det anbefales at kontakte klubben for at høre om mulighederne for gæstebrug af faciliteterne. I nærheden af klubben finder du caféer og restauranter, hvor du kan nyde en forfriskning efter din session.

Sikkerhedstips:
Vær opmærksom på andre vandsportsudøvere, herunder kajakroere og sejlere, der benytter fjorden.
Bådtrafikken kan variere, så vær opmærksom på omgivelserne og brug gerne en signalvest eller andet synligt tøj for at øge din synlighed.

Lokale Regler og Restriktioner:
Respekter Horsens Kajakklubs regler og retningslinjer. Det er en god idé at kontakte klubben inden brug af deres bro for at sikre, at du overholder deres politikker. Følg havnens generelle regler og vær opmærksom på eventuelle skiltninger omkring sikkerhed og adfærd på vandet.

Andre Bemærkninger:
Horsens Fjord byder på naturskønne omgivelser og rolige vandforhold, hvilket gør det til et attraktivt sted for pumpfoil-entusiaster. Området er mindre trafikeret end større havne, hvilket giver mulighed for længere og mere uforstyrrede sessioner. Hvis du søger et sted at øve dine færdigheder i fredelige omgivelser, er Horsens Kajakklub et besøg værd.",,2026-09-23,
aalborg-sejlklub,TRUE,Aalborg Sejlklub,Virker,Dock,"57.0556884, 9.8753489","Navn på Lokation:
Aalborg Lystbådehavn ved Aalborg Sejlklub

Adresse:
Skydebanevej 12, 9000 Aalborg, Danmark

Beskrivelse af Dock:
Ved Aalborg Sejlklub finder du solide flydebroer, der er velegnede til pumpfoil med dockstart. Broerne har en lav højde over vandet, hvilket gør dem ideelle til afsæt.
Vær opmærksom på, at broerne primært bruges af sejlere, så vis hensyn og undgå at blokere adgangen for andre.

Bundforhold:
Bundforholdene i havneområdet er generelt gode med en blanding af sand og mudder. Vanddybden tæt på broerne er tilstrækkelig for foiling.

Vind- og Vejrforhold:
Aalborg Lystbådehavn er beskyttet mod de mest kraftige vinde, men kan være påvirket af vind fra østlige retninger. Området er bedst egnet på dage med let vind eller vindstille, hvilket giver rolige vandforhold ideelle til pumpfoil. Vindforholdene kan variere på grund af byens bebyggelse, så det er en god idé at tjekke lokale vejrforhold inden din session.

Tilgængelighed:
Der er gode parkeringsmuligheder tæt på Aalborg Sejlklub, hvilket gør det nemt at transportere dit udstyr til vandet. Offentlig transport er tilgængelig med busstoppesteder i nærheden, og Aalborg centrum ligger inden for gåafstand.

Faciliteter:
Aalborg Sejlklub tilbyder faciliteter som toiletter, omklædningsrum og klubhus. Disse faciliteter er primært forbeholdt klubbens medlemmer, så det anbefales at kontakte klubben for at høre om mulighederne for gæstebrug. I nærheden finder du caféer, restauranter og butikker, hvor du kan købe forfriskninger eller nødvendigt udstyr.

Sikkerhedstips:
Vær opmærksom på den maritime trafik i havnen, herunder sejl- og motorbåde. Hold dig uden for de markerede sejlruter og respekter havnens færdselsregler.

Lokale Regler og Restriktioner:
Respekter Aalborg Sejlklubs regler og anvisninger. Følg havnens generelle regler, og vær opmærksom på skiltning vedrørende sikkerhed, miljøhensyn og adfærd.",,2026-09-23,
aalborg-cablepark,TRUE,Aalborg Cablepark,Virker,Dock,"57.0485907, 9.9403605","Navn på Lokation:
Aalborg Lystbådehavn ved Aalborg Cable Park

Adresse:
Kystvejen 100, 9000 Aalborg, Danmark

Beskrivelse af Dock:
Ved Aalborg Cable Park i Aalborg Lystbådehavn finder du en unik mulighed for pumpfoil. Området har en flydende platform og anlæg, der primært er designet til kabel-vandsport som wakeboarding, men kan også benyttes til pumpfoil.

Bundforhold:
Bundforholdene er generelt gode med en sandet og mudret bund. Vanddybden tæt på platformen er tilstrækkelig for foiling, og der er få undervandsforhindringer. Dog skal man være opmærksom på eventuelle kabler og udstyr i vandet relateret til kabelparken. Det er vigtigt at holde sig uden for det aktive kabelområde for at undgå risiko for sammenstød eller skader på udstyr.

Vind- og Vejrforhold:
Området er forholdsvis beskyttet, men kan være påvirket af vind fra Limfjorden. Bedst egnet på dage med let vind eller vindstille, hvilket giver rolige vandforhold ideelle til pumpfoil. Vind fra vestlige retninger giver ofte de mest stabile forhold i dette område.

Tilgængelighed:
Der er gode parkeringsmuligheder tæt på Aalborg Cable Park, og området er let tilgængeligt med offentlig transport. Det er nemt at transportere dit udstyr fra parkeringen til vandet, da der er etablerede stier og ramper.

Faciliteter:
Aalborg Cable Park tilbyder en række faciliteter, herunder toiletter, omklædningsrum og en café, hvor du kan købe mad og drikke. Disse faciliteter er tilgængelige i parkens åbningstider. Der er også siddeområder og græsplæner, hvor du kan slappe af før eller efter din session.

Sikkerhedstips:
Vær ekstra opmærksom på andre vandsportsudøvere, især når kabelparken er i drift.

Lokale Regler og Restriktioner:
Det er vigtigt at respektere Aalborg Cable Parks regler og retningslinjer. Kontakt parkens personale inden du bruger området til pumpfoil for at sikre, at det er tilladt, og for at få information om eventuelle særlige forhold.",,2026-09-23,
ry-roklub,TRUE,Ry Roklub,Virker,Dock,"56.0952465, 9.7494177","Navn på Lokation:
Ry Roklub

Adresse:
Hjejlevej 1, 8680 Ry, Danmark

Beskrivelse af Dock:
Ry Roklub er stedet hvor man kan finde læ, hvis der er for meget vind ved Knudhule, Knudsø (fra vestlige retninger). I det tilfælde kan man køre de ca. 5 min. I bil til Ry Roklub, som har en lang og stabil træbro, der er velegnet til dockstart for pumpfoil. Broen ligger lavt over vandet, hvilket kan være lidt udfordrende, hvis man har en kort mast (<70 cm), men kan dog godt lade sig gøre, hvis man øver lidt.

Bemærk, at området primært er tiltænkt roere, så vis hensyn og undgå at blokere adgangen for klubbens medlemmer, som ofte benytter broen til isætning og landsætning af både.

Bundforhold:
Bundforholdene i området ved roklubben er overvejende sand- og mudderbund, med enkelte vandplanter tættere på bredden. Der er generelt tilstrækkelig dybde til at foile, og vandet bliver relativt hurtigt dybere, så du ikke risikerer at ramme bunden ved et fald. Der er ikke kendte forhindringer, men det er altid en god idé at holde øje med eventuelle fortøjninger eller pæle i nærheden af de andre bådepladser.

Vind- og Vejrforhold:
Området ved Ry Roklub er godt beskyttet mod vind af omkringliggende skov og bakker.

Tilgængelighed:
Der er gode parkeringsmuligheder i nærheden af Ry Roklub, som gør det nemt at transportere dit pumpfoil-udstyr. Området er også tilgængeligt med tog til Ry Station, hvorefter der er en kort gåtur til roklubben. Stien til broen er velholdt, hvilket gør det overskueligt at medbringe grej.

Faciliteter:
Ry Roklub råder over toiletter, omklædningsrum og klubhus, men disse faciliteter er normalt forbeholdt medlemmer. Du kan spørge, om gæstebrug er muligt. I kort afstand fra roklubben findes der caféer, restauranter og dagligvarebutikker i Ry bymidte, hvor du kan købe forfriskninger eller nødvendigt udstyr.

Sikkerhedstips:
Vær opmærksom på roere og andre vandsportsudøvere, der benytter området flittigt. Sørg for at holde afstand til roningens rute, og vær særligt forsigtig, når du er tæt på andre bådepladser. Det anbefales altid at bære en redningsvest og overveje yderligere beskyttelsesudstyr som hjelm eller impact vest, især ved nye spots eller hvis du er uerfaren.

Lokale Regler og Restriktioner:
Respekter Ry Roklubs regler og anvisninger, samt eventuelle skiltninger i området. Undgå at hindre roklubbens aktiviteter, og sørg for at forlade broen ryddeligt efter brug. Hvis du er i tvivl om specifikke retningslinjer, kan du med fordel kontakte roklubben for at sikre, at dit besøg er velkomment.","https://mymaps.usercontent.google.com/hostedimage/m/*/3AAjQbR7gyFcMXuD-cJ7WSkyoAEtjGpBYX0Y_K7vF4K3hNqaOtntNkd4lHzPoh-1LcR8odfGgL07dXAhUDRCBFGpwFVWYMZ2cJ81iJuFJv_9XpRi1iVvAzquvuj42BHzQwJVF5ym-Ic54xKFFvM1u9TAWgspVjEtPaURIGUp6NSSt3-E-optgijBV2A40FlFqRkgthxv5_AdUsp3n8P81FZqFIYDyDPK0CF5S_Rb_tmJw2wOrBEVu7SLL2S9sDrk?authuser=0&fife=s16383
https://mymaps.usercontent.google.com/hostedimage/m/*/3AAjQbR6pseO41uIK2qYL1qTfJ58eLtgTlPUzd_2cCo76N9y3lOq91ln-uubCvnDrViUtxN2jKZq8JgC8pWKqejd7cd9q1CgFQ-iy-i8LPfyfJ4MAsh-ac95GIQucEMkUktpT4uyqvG3_fhfKMUVIT2uBVocK_aTSEyuhyHUr_JUGGJeUU6IKO048TyyplNLC5kiPXTTkx-v5f55DlHgwpPPSPmIf_jyFRozH7WOovH2fQapaNMXqsLmotmJG3ds?authuser=0&fife=s16383
https://www.youtube.com/watch?v=3EPGhKOu73Q",2026-09-23,
skanderborg-bybad,TRUE,Skanderborg Bybad,Virker,Dock,"56.0355157, 9.9347763","Navn på Lokation:
Skanderborg Bybad

Adresse:
Fælledvej 3, 8660 Skanderborg, Danmark
(Adresse kan variere; brug evt. kort for præcis placering.)

Beskrivelse af Dock:
Skanderborg Bybad har en god flydedok, som er særdeles velegnet til pumpfoil. Højden over vandet passer fint til dockstart, og der er god plads til at klargøre udstyret.

Bundforhold:
Området omkring Bybadet er relativt dybt tæt på broen, hvilket reducerer risikoen for at ramme bunden under foiling.

Vind- og Vejrforhold:
Bybadet ligger i Skanderborg Sø, omgivet af kuperet terræn og skovområder, der ofte giver læ for kraftige vinde. Let vind eller vindstille dage giver de mest ideelle forhold.

Tilgængelighed:
Der er parkering i nærheden, og en kort gåtur fører dig ned til flydedokken. I højsæsonen kan der være mange besøgende, så kom tidligt for at få en god plads og minimere risikoen for at forstyrre andre badegæster.

Faciliteter:
Selve Bybadet har omklædningsfaciliteter, toiletter og en badebro. I gåafstand findes caféer, restauranter og dagligvarebutikker i Skanderborg bymidte. Udsigten over søen er smuk og indbyder til en hel dag med vandsport og afslapning.

Sikkerhedstips:
	•	Vær opmærksom på badende og eventuelle både i området, især i sommermånederne.
	•	Bær altid en redningsvest eller andet relevant sikkerhedsudstyr.
	•	Overvej at afpasse tidspunktet for din session, så du undgår de mest travle perioder.

Konklusion:
Skanderborg Bybad er et anbefalelsesværdigt spot for pumpfoil takket være den ideelle flydedok og de ofte rolige vindforhold. Et skønt sted for både begyndere og erfarne foilere, der ønsker en behagelig og naturskøn oplevelse på vandet.","https://mymaps.usercontent.google.com/hostedimage/m/*/3AAjQbR5e0iaa62lR6AWOEcJYg4UBwP2UH9yJ-DgpdT8iM_YctYYWbT-qGBiQrpsGwg0CTa8BLG7top0tznI_rq-vivjee4jla_b5P9zMQVRDVDZgcTDiBTx9xivn6uYjYbWpSdhvBVWoB_fNrCjWIz6OI2CTSupJMNLBFjQenHBktCVczZtb3OKLoVV0gWuz0_BSek7Aa0yZW4glZf4TrrxnlyQH5LxklLNTUiqLl48wWsBathAiP8Tv63Cacyg?authuser=0&fife=s16383
https://mymaps.usercontent.google.com/hostedimage/m/*/3AAjQbR7Gzd5TzA_sPY2t2TR9oc2sYWYEhB4_3Jm32n91_uObriKhb3yDYcUH2k_ZmeayOevSP0NVV9plvVnlWEYRjwxyoqJQTqBAqwn1ivXbsX0U3tIZbN-PWSZiM5B97fhXF0cudcDobfZGcr9xVn0L7eGVEjg7_Orb-Nh65QyBxSywdA0mztYCCGtOBrYtBNE_2oEqyEjIgA1Br0a-jx3SH1oq-xdGEciGR4hzD0cSXwC8xJAuAx5qp2nZUzA?authuser=0&fife=s16383
https://mymaps.usercontent.google.com/hostedimage/m/*/3AAjQbR6FPbXm774pLb1YJoT40sodRkec2T4Q3LhB9RjHrxA9QpaOJNnuiqMx47mo_5nr_fC2Ku6eNWpfBLU3NH4ousuPjUvUGF_monYKWW3wyqInEk4Wx20PrsRQP8j3AbDMacRWO584kBqbM-CK9r_tusdnSlysH8ZYzjz0YZTk1Pa6RyiZKCdFbxRydBW3acnYXwfvDFjLdpbmkg1U9uotbGXN6EnqmJom9Phu0lYcC69dFnsugLBy_z926zc?authuser=0&fife=s16383
https://mymaps.usercontent.google.com/hostedimage/m/*/3AAjQbR7XYqrE345r53Kftg0joBsYqSNVNY8nKmAUcrWDdB2t65xDNT-HL4XNNO81m5UzVWEwC86Rw-Cx5l_j4kFI5ddXaVlY746MQaKGZJd6TP697YxPnJkM-l8Cn_o7TD95y2bYrFL-Q3i2FJXrC7VEpAgkW2El_naOcWFMXYXV3l9L2r2Ol1wTQoxb_Rr5By_1QDcWhNGWie29F_VLysXar9KSJh1HbJEhdr0dVfCppdWe6P-QEZX5u-OE_Jg?authuser=0&fife=s16383",2026-09-23,
ebeltoft-havn,TRUE,Ebeltoft Havn,Virker,Dock,"56.1924773, 10.6684907",,,2026-09-23,
thisted-ro-og-kajakklub,TRUE,Thisted Ro- og Kajakklub,Virker,Dock,"56.9498743, 8.6670431","Adresse:
Kystvejen 22, 7700 Thisted, Danmark

Beskrivelse af Dock:
Flydebroen ved ro- og kajakklubben i Thisted er ideel til pump foil. Den har en perfekt højde og er udstyret med gummimåtter på begge sider, hvilket giver fremragende greb og komfortabelt afsæt – uanset om du starter regular eller goofy. Broen ligger stabilt og føles sikker at løbe på.

Bundforhold:
Relativt dybt og frit vand direkte ud for broen. Ingen kendte forhindringer i området. Da det er fjordvand, kan der være lidt plantevækst, men ikke i en grad der generer dockstart.

Vind- og Vejrforhold:
Området er godt beskyttet mod vind fra de fleste retninger. Særligt gunstigt i let vind eller stille vejr. Ved østlige og sydlige vinde ligger stedet ekstra roligt.

Tilgængelighed:
Gratis parkering findes tæt på klubområdet, og adgangen til broen er nem. Der er cykelsti hele vejen fra byen. Området kan også nås til fods fra Thisted centrum på få minutter.

Faciliteter:
Området ved roklubben har adgang til toiletter i forbindelse med klubhus (afhængig af åbningstider). Tæt på byens caféer og butikker.

Sikkerhedstips:
Vær opmærksom på roere og kajakker, som ofte bruger området – vis hensyn og hold afstand. Broen kan være glat i frostvejr.

Lokale Regler og Restriktioner:
Undgå at blokere adgangen for klubbens medlemmer. Brug broen uden at forstyrre den almindelige klubaktivitet.",,2026-09-23,
marselisborg-lystbaadehavn,TRUE,Marselisborg Lystbådehavn,Virker,Dock,"56.1389141, 10.2144674","Det er muligt at dockstarte her, men det er ikke optimalt:

Man rammer nemt noget under flydedocken, og skrammer frontvingen
For at undgå at ramme noget skal foilen langt ned i vandet hvilket giver lille frihøjde, og gør start markant sværere.
Docken er prøvet med en 70 cm mast, og en længere mast, ala. 80 cm ville gøre det nemmere.",,2026-09-23,
marselisborg-lystbaadehavn-2,TRUE,Marselisborg Lystbådehavn,Virker,Dock,"56.1392726, 10.2187959","Det er muligt at dockstarte her, men det er ikke optimalt:

Man rammer nemt noget under flydedocken, og skrammer frontvingen
For at undgå at ramme noget skal foilen langt ned i vandet hvilket giver lille frihøjde, og gør start markant sværere.
Docken er prøvet med en 70 cm mast, og en længere mast, ala. 80 cm ville gøre det nemmere.",,2026-09-23,
bellevue-strand,TRUE,Bellevue Strand,Virker,Dock,"56.1896874, 10.2486426","Adresse:
Strandvejen 151, 8240 Risskov, Danmark

Beskrivelse af Dock:
Man skal starte fra det yderste segment af broen, lavet af plast med huller i. Den bedste højde for dockstart er ved en vandstand omkring 0–20 cm, hvor man får godt afsæt uden at synke for dybt.

Bundforhold:
Blød, lækker sandbund uden sten eller forhindringer. Meget behagelig at lande i ved missede starts. Klart vand og flotte farver giver ekstra oplevelse.

Vind- og Vejrforhold:
Relativt åbent område, så vandet kan være småbølget ved pålandsvind. På stille dage er det perfekt til pump. Bølger fra Molslinjen kan udnyttes med timing – de er sjove at fange på vej ind.

Tilgængelighed:
Der er en offentlig parkeringsplads i nærheden, men det kræver en lille gåtur til selve spottet. Det er muligt at bære foil og board uden problemer, men lidt logistik skal påregnes.

Faciliteter:
Offentlige toiletter og iskiosker findes langs stranden. Om sommeren er området velbesøgt og har masser af liv.

Sikkerhedstips:
Mange badende om sommeren – især tæt på badebroerne. Start tidligt eller sent på dagen for at undgå trængsel.

Lokale Regler og Restriktioner:
Ingen kendte restriktioner, men husk at tage hensyn til badende og holde god afstand.

Andre Bemærkninger:
Et smukt spot med krystalklart vand og hyggelig stemning. Bellevue er især egnet til pump foil ved lavvande og rolige forhold – og du kan få en sjælden bonus ved at time Molslinjen-bølgerne rigtigt.",,2026-09-23,
aarhus-roklub,TRUE,Aarhus Roklub,Virker,Dock,"56.1637825, 10.2190771",,,2026-09-23,
surf-agency,TRUE,Surf Agency,Virker,Dock,"56.1639188, 10.2185628",,,2026-09-23,
fiskerikajen-aarhus,TRUE,Fiskerikajen Aarhus,Virker,Dock,"56.1657025, 10.2202095",,,2026-09-23,
vinterbadeklubben-furesoe,TRUE,Vinterbadeklubben Furesø,Virker,Dock,"55.8031843, 12.3873058",,,2026-09-23,
soender-ege-ved-knud-soe-1,TRUE,Sønder Ege ved Knud Sø 1,Virker,Dock,"56.0991655, 9.7633300",,,2026-09-23,
soender-ege-ved-knud-soe,TRUE,Sønder Ege ved Knud Sø,Virker,Jump,"56.0983679, 9.7640956","Navn på Lokation:
Sønder Ege ved Knudsø

Adresse:
Sønder Ege Strandvej, 8680 Ry, Danmark

Beskrivelse af Dock:
Ved Sønder Ege på bredden af Knudsø finder du en offentlig badebro. Dockstart er ikke mulig her på grund af pæle langs kanten af broen, som gør det svært at få et rent afsæt. Dog er det muligt at foretage en jump start fra broen.
Vær opmærksom på, at jump start kræver mere erfaring og kontrol.

Bundforhold:
Bunden består primært af sand med enkelte sten, men generelt er der ingen større forhindringer. Vanddybden tæt på broen er tilstrækkelig til foiling, og dybden øges hurtigt.

Vind- og Vejrforhold:
Området er ofte beskyttet mod kraftig vind, hvilket skaber rolige vandforhold ideelle til pumpfoil. Bedst egnet på dage med lidt eller ingen vind, men kan også benyttes ved let vind fra østlige retninger, da træer og terræn giver læ og skaber fralandsforhold.

Tilgængelighed:
Der er parkeringsmuligheder langs Sønder Ege Strandvej, kun en kort gåtur fra badebroen, hvilket gør det nemt at transportere dit udstyr. Området er ikke direkte tilgængeligt med offentlig transport, så bil eller cykel er de bedste transportmuligheder.

Faciliteter:
Der er begrænsede faciliteter ved Sønder Ege, udover offentlige toiletter. Der er ingen caféer eller butikker i umiddelbar nærhed, så medbring gerne egne forfriskninger og snacks.
Lokale Regler og Restriktioner:
Respekter lokale regler og skiltning ved badeområdet. Undgå at forstyrre fiskere, svømmere eller andre, der nyder området. Vis hensyn til privat ejendom og hold dig til offentlige områder. Sørg for at efterlade stedet rent og ryddeligt efter din session.

Andre Bemærkninger:
Den naturskønne beliggenhed gør det til en fornøjelse at tilbringe tid her, både på og uden for vandet. Hvis du er på udkig efter et sted at forbedre dine teknikker i fredelige omgivelser, er dette spot absolut et besøg værd.",,2026-09-23,
soender-ege-ved-knud-soe-2,TRUE,Sønder Ege ved Knud Sø 2,Virker,Jump,"56.0990605, 9.7609090",,,2026-09-23,
soender-ege-ved-knud-soe-2-2,TRUE,Sønder Ege ved Knud Sø 2,Virker,Jump,"56.0986909, 9.7599835",,,2026-09-23,
korsoer-ro-og-kajakklub,TRUE,Korsør Ro og Kajakklub,Virker,Jump,"55.3337978, 11.1473900","Adresse:
Fæstningskajen 20, 4220 Korsør, Danmark

‼️ OBS. Svær start! Selv om man kan jump starte.

Beskrivelse af Dock:
Flydedocken ved Korsør Ro- og Kajakklub ligger meget lavt i vandet, ud fylder en del under vandet. Det giver kun ca. 10 cm frigang mellem board og dock, når man bruger en 70 cm mast. Det gør almindelig dockstart meget vanskeligt, fordi foilen rammer vandet for tidligt.

Jumpstart:
Kan udføres, men er også udfordrende, da docken ikke er særlig høj over vandet. En erfaren eller avanceret foiler vil nok kunne jumpstarte, men for de fleste vil det være svært at få nok højde og momentum.

Bundforhold:
Ikke vurderet som et problem – vandet er dybt nok og fri for planter.

Vind- og Vejrforhold:
Typisk rolige forhold, velegnet hvis man kan håndtere det lave dockniveau.

Tilgængelighed:
Nem adgang med parkering tæt ved klubområdet.

Faciliteter:
Klubhus med toiletter og omklædning (afhænger af åbningstider).

Sikkerhedstips:
Docken er ikke optimal for begyndere. Pas på, at du ikke rammer dockkanten med foilen pga. den lave frigang.

Lokale Regler og Restriktioner:
Respekter klubbens aktiviteter og undgå at blokere adgangen for medlemmer.

Andre Bemærkninger:
Selve stedet er hyggeligt og godt beskyttet, men dockens lave højde gør den mindre egnet til normal dockstart. En avanceret foiler kan jumpstarte alligevel, men for de fleste vil det være svært med standard 70 cm mast.","https://mymaps.usercontent.google.com/hostedimage/m/*/3AAjQbR6A8mhjL4hEVUpo2EEqY8ul30ye62hKHMNWdHtz8-mZQ6xTgCF1U3PquTw3BPH3ertwzg3krHGPQ6j5ZbfjBhPLuGEXXDF76OYudpfzlNvkkhkfXDj1XmJTk2WBCqh85D7lDVoGT3UrypXZ87nmUv1W3B3MWjANVki0_uExsCD6L7rW-F5NLH45nPKdshqHsE1nAuRKMexEHA7UjF__B-WIyWY7DYOWaYJQIyq6F5rS5fyO94I4UgaAiLE?authuser=0&fife=s16383
https://mymaps.usercontent.google.com/hostedimage/m/*/3AAjQbR4fzMuLUTSy74RN8I2TrftXHMwkhv5oFPh0tjpZXFEmAxkbxbNW4L6iWOByCxvNdwEFF6uB7L0mueXyRXKUy00ifN1F9xEqQNTEwhNlETwszHKuZ4FsyHSaeN21-5u0UtCOOj87IVPomJUd1xj549Pl78cHcT-V5KnntBicc99SWFh6pEbkEx82CNOROJiTSW_U7AJCvVWZhCnRq_MDEV24TZ1eWm1GyR7ZKB00vi0yrSKZ7s8W-qmSgKs?authuser=0&fife=s16383
https://mymaps.usercontent.google.com/hostedimage/m/*/3AAjQbR6aUvh_eSZHZYFeKuxaAynWSZXrGuZa9AC__jhHJWOde6hsAI38fAnRAde3_dheBnQQ5ECaqhXnd8xhrvT9hz0VK38SH8olOUtkh57Wy2fycgx5nkMsM0Ns2jqcTRmHxJdAW7lqCw_9pJmKo15Qrnat3PZZQqvikiDWKA4J1ANgk8kuYiZ5AYec3LP9Cu0O67sTqfPlR4WT6XPYe5S58qtQ8KZT80Ak7li84elHJ0BchtBqASHkIxKpt10?authuser=0&fife=s16383
https://mymaps.usercontent.google.com/hostedimage/m/*/3AAjQbR7-lyY56pl8cwfNTjkqNXI8yOTU6U4U12kO6Ub4cB3mQdfHu0ap7HdNxPi3BYR1AY2Z9xVud46umIPgms5XJpbwN5Q-EB7El7BUUCpp4UseeBO_5HDQwwReG7-g2tCHRJtDw3_fT2sJ1HU9FvY8OqISDNUo3MOKhfFFfFD36ur27joCpFDiYfKHCJMyRFpP3wO16KVn4hMFqlisK51y7zWhsB6OVP7e9G1RKkX_fSJ2oEgOG1emiz4y8bI?authuser=0&fife=s16383
https://mymaps.usercontent.google.com/hostedimage/m/*/3AAjQbR5ygsze4bHQoS4LfG8OX5R-C32cEzCK6u8Pd3Rtco_YnX9c37pqcpN3dp_sP-jRwigf2I-Uxd3F_uKyDJIYxdm56AVzyiM87KePqeyhFrkJQdgLbCPF3mQj6_xM_vxMrqXFifxUo3n6c_jMcN0Q5F4kWPryPSmUC02Dn87SZf9BcsvMnlYUeKuhdNfTir4X9gfdFOsnifN0NZ4l0fr0w6PbexEZYfe0jpo_R6Mpy2Vml59XMRoL522qQFI?authuser=0&fife=s16383
https://mymaps.usercontent.google.com/hostedimage/m/*/3AAjQbR45ZiUq7sdepJRTA68cw5oad2IDD0ey6Rc-nvH6YcTs3rZCJutVFl2uQavsuk9YjcRk4r3GcY58uV0cmRaU0o0JHYQQ3WNuHTO8WRqaInDUMyh5YAaJ8dK2Dzxh2_8OShvsJeh-SnAtGRd4Hqqs5HG0OuV_Lw8bKQfjYFdkwFkfEhUkgzGwIO3UIqMS7IjoafyIZ2qc3PKk_x1AQARfMalNgz-TbNNq1Gmia8HPgQmWhbt_LXK6SFQXTKU?authuser=0&fife=s16383",2026-09-23,
stilling-soebad,TRUE,Stilling Søbad,Virker,Jump,"56.0601920, 9.9917916","Navn på Lokation:
Stilling Søbad

Adresse:
Stilling Strandvej, 8660 Skanderborg, Danmark
(Bemærk: Der kan være flere adgangspunkter, dette er et omtrentligt referencepunkt.)

Beskrivelse af Dock:
Stilling Søbad har en badebro, hvor kun få sektioner er fri for pæle, som kan forstyrre foilens bevægelse. Det betyder, at broen reelt kun egner sig til jumpstart eller deadstart, da foilen ellers nemt kan ramme pælene. .

Bundforhold:
Området omkring broen har en blanding af sand og mudderbund. Vanddybden bliver hurtigt dybere, så man undgår at ramme bunden under foiling.

Vind- og Vejrforhold:
Spotter giver rigtig god mulighed for lå ved vind fra vestlige retninger.

Tilgængelighed:
Der er parkeringsmuligheder i området, men kapaciteten kan være begrænset ved højsæson. Stierne ned til stranden er forholdsvis korte, hvilket gør det let at bære udstyr. Om sommeren kan der være mange badegæster, så vis hensyn, når du sætter dit udstyr i vandet.

Faciliteter:
Badebro, badeområde og mulige toiletforhold ved Stilling Søbad (afhænger af sæson og lokale forhold). Ingen dedikerede omklædningsrum, så kom helst omklædt. Der er ingen kiosk eller café lige ved søbadet, men du finder spisesteder og butikker i nærheden af Stilling eller Skanderborg.","https://mymaps.usercontent.google.com/hostedimage/m/*/3AAjQbR5_S91Kwx7DgZPvUXgYSZXNPBLhwDxR0_JPw20oiPQGAdQnY8tkGFXAoC4b1J7zh9w2Bp-JzEWGZdNfgWs_mCgQ0DrI5b1_16LNtlfx1FIPOKc0IoSfhxRylyHKgHidDpSEO6eHYnxRL94niQakbtPbCpqIqgVphO7bN412pMlHoTEfIDXTQWX-onjeC9deQ20z3M8hZ49BUCgfJIUEjeQMqcmtRjIxim39V1qzynZTEQF2DwnnjpMgtgI?authuser=0&fife=s16383
https://mymaps.usercontent.google.com/hostedimage/m/*/3AAjQbR4vdqmigKoOYMz3zcSUt8GYlV1shO1DrDJSYs0HQPjHlZr9Mx22EGAn49AAv-6kBegVzJT29YNfR6koY-Y_YD6N71OZiuXZ3moMkg8Acz5w9jt23TE3DFpYmOTsfiK8p72qTKR7EEQ7gDTiAEEjpJUFd2jUKMguK4jN4nRVX76cS0DyYJr12NXUynwuTCzQQwGbfWUzDLBz8EnNTaIuqap5PgTm0oY--CsMVgDvgtH6J5BSztjNQYvzGJo?authuser=0&fife=s16383
https://mymaps.usercontent.google.com/hostedimage/m/*/3AAjQbR7gw5L3eXXSDC2uV5SYGXAquKEbw8pyRu_jndQ2aPKPLhFCC3o3W3gYJmY1cZUiMngHbGf4fms5x5L62zQBb47IMKROjAg9TC6VryuDEmvvo8BNccI1O_fRVAvKXmSe-X_KXKbemxHnOqSZ-FxckrEQDz0SwMbhkIbanEybiUMPPt0kuKe-qP9z4EroJwt2WsUXEZ9Es2nJf1NyA_ad5-F7LbMlKijjtvRXX5KTgP4Il6oeZiNTEuDggPs?authuser=0&fife=s16383
https://mymaps.usercontent.google.com/hostedimage/m/*/3AAjQbR4INiryuVfBroYemT2mSE3ZY7qocrwYKfOAlT3AygN_7KzZeJ3q62oUpl5aPJfc_lZLk-8FVB7lgWnhNY3z0ekc090t_aGq6sg5Fa1vaHikZuV_duPgxEjVkaK_17siSaqS55cPwVkso2RM5dKxycv3AwaBblXYdVlb1K-eEaD641CENf5V4MtoQVpNcRoHUgmLXa_uCgGdN8VsOYiq3Cx9JJqoWqJmh3VDX4rtKQrD72BVzCnpASOxtak?authuser=0&fife=s16383
https://mymaps.usercontent.google.com/hostedimage/m/*/3AAjQbR4kKejrl0Lqr4ORBR6Yiu5WgsCkXWuMDw_Qv4cFVKZfferWtWLjKHr-PjnpMl8Q5pHMGBZjsp6K-KMe_TWQrtsByzM2xKyPXdmX3cgLBGU2-dX9RZRKb4gbWen8B9wBXYsJb3NEEERMnlAAZjHmgaaiBG_RvZt_SMD1JsCMCZAYNcBvcK4qQkFCA9_VEYL-iAjIbvNx6zdWpEhNqLfMJB7lh7jRg2gv0_rI93breuzsSTgfPu4h1gU2eus?authuser=0&fife=s16383",2026-09-23,
aarhus-sejlsportscenter,TRUE,Aarhus Sejlsportscenter,Virker,Jump,"56.1688980, 10.2249992",,,2026-09-23,
kridtgraven-aalborg,TRUE,"Kridtgraven, Aalborg",Virker,Rock,"57.0451933, 9.8806148","Navn på Lokation:
Kridtgraven, Aalborg

Adresse:
Rørdalsvej 60, 9220 Aalborg Øst, Danmark

Beskrivelse af Rockstart:
Kridtgraven i Aalborg er en tidligere kalkgrav, der nu fungerer som en sø med krystalklart vand. De stejle ""klippevægge"" omkring søen giver mulighed for rockstart direkte fra klipperne. Der er flere steder langs bredden, hvor du kan foretage en rockstart ved at hoppe fra solide formationer ned i vandet. Højden på afsættet varierer, så både erfarne og eventyrlystne foilere kan finde et passende sted.

Bundforhold:
Bunden er dyb med klart vand, hvilket gør det ideelt til foiling. Der er ingen større undervandsforhindringer eller vegetation, da søen er dyb og tidligere har været en kalkgrav. Vanddybden stiger hurtigt tæt på ""klipperne"", så der er rigeligt med plads under foilen. Dog bør man altid være forsigtig og tjekke området for eventuelle forhindringer inden start.

Vind- og Vejrforhold:
Området er omgivet af høje vægge og træer, hvilket giver en vis beskyttelse mod vind. Vandet er ofte roligt, hvilket giver ideelle forhold for pumpfoil og mulighed for lange sessioner med fokus på teknik.

Tilgængelighed:
Der er parkeringsmuligheder i nærheden af Kridtgraven, men adgang til vandet kræver en kort gåtur gennem ujævnt terræn. Det er vigtigt at være forsigtig, når du transporterer dit udstyr ned til søen, da stierne kan være stejle og glatte. Området er ikke direkte tilgængeligt med offentlig transport, så bil er den mest praktiske måde at komme dertil på.

Faciliteter:
Der er begrænsede faciliteter ved Kridtgraven. Ingen offentlige toiletter, omklædningsrum eller kiosker er tilgængelige, så det anbefales at komme omklædt og medbringe egne forfriskninger.",,2026-09-23,
sejlsportscenteret-aarhus-oe,TRUE,"Sejlsportscenteret, Aarhus Ø",Virker,Rock,"56.1695246, 10.2256732",,,2026-09-23,
bellehage-strand,TRUE,Bellehage Strand,Ikke testet,Beach,"56.1213751, 10.2254535","Dette spot kunne potentielt anvendes til pumpfoil, men forholdene er ikke undersøgt endnu.

Meld gerne ind hvis du ved noget om dette sted.",,2026-09-23,
kajak-og-kanoklubben-aarhus-traebaadshavn,TRUE,"Kajak og KanoKlubben, Aarhus Træbådshavn",Ikke testet,Dock,"56.1674937, 10.2228870","Dette spot kunne potentielt anvendes til pumpfoil, men forholdene er ikke undersøgt endnu.

Meld gerne ind hvis du ved noget om dette sted.",,2026-09-23,
skanderborg-soebad,TRUE,Skanderborg Søbad,Ikke testet,Dock,"56.0206329, 9.9166806","Dette spot kunne potentielt anvendes til pumpfoil, men forholdene er ikke undersøgt endnu.

Meld gerne ind hvis du ved noget om dette sted.",,2026-09-23,
ravnsoe,TRUE,Ravnsø,Ikke testet,Dock,"56.1039972, 9.8242981","Dette spot kunne potentielt anvendes til pumpfoil, men forholdene er ikke undersøgt endnu.

En lille, privat søstrand med yderst begrænset parkering (maks. to biler). Ejerne undlod i 2021 at opsætte badebro på grund af for mange besøgende.

Meld gerne ind hvis du ved noget om dette sted.",,2026-09-23,
hobro-roklub,TRUE,Hobro Roklub,Ikke testet,Dock,"56.6400422, 9.8032704","Dette spot kunne potentielt anvendes til pumpfoil, men forholdene er ikke undersøgt endnu.

Meld gerne ind hvis du ved noget om dette sted.",,2026-09-23,
aalborg-roklub,TRUE,Aalborg Roklub,Ikke testet,Dock,"57.0578278, 9.9063395","Dette spot kunne potentielt anvendes til pumpfoil, men forholdene er ikke undersøgt endnu.

Meld gerne ind hvis du ved noget om dette sted.",,2026-09-23,
randers-roklub,TRUE,Randers Roklub,Ikke testet,Dock,"56.4621844, 10.0549443","Dette spot kunne potentielt anvendes til pumpfoil, men forholdene er ikke undersøgt endnu.

Meld gerne ind hvis du ved noget om dette sted.",,2026-09-23,
lemvig-roklub,TRUE,Lemvig Roklub,Ikke testet,Dock,"56.5631810, 8.2975257","Dette spot kunne potentielt anvendes til pumpfoil, men forholdene er ikke undersøgt endnu.

Meld gerne ind hvis du ved noget om dette sted.",,2026-09-23,
kolding-roklub,TRUE,Kolding Roklub,Ikke testet,Dock,"55.5002182, 9.5143035","Dette spot kunne potentielt anvendes til pumpfoil, men forholdene er ikke undersøgt endnu.

Meld gerne ind hvis du ved noget om dette sted.",,2026-09-23,
ebeltoft-ro-og-kajakklub,TRUE,Ebeltoft Ro- og Kajakklub,Ikke testet,Dock,"56.1932876, 10.6687990","Dette spot kunne potentielt anvendes til pumpfoil, men forholdene er ikke undersøgt endnu.

Meld gerne ind hvis du ved noget om dette sted.",,2026-09-23,
marselisborg-havn,TRUE,Marselisborg Havn,Ikke testet,Rock,"56.1391902, 10.2201496","Dette spot kunne potentielt anvendes til pumpfoil, men forholdene er ikke undersøgt endnu.

Meld gerne ind hvis du ved noget om dette sted.",,2026-09-23,
langs-risskov-cykelsti,TRUE,Langs Risskov cykelsti,Ikke testet,Rock,"56.1709147, 10.2243547","Dette spot kunne potentielt anvendes til pumpfoil, men forholdene er ikke undersøgt endnu.

Der er sten hele vejen ud til den Parmanente, så afhængig af bundforhold og vanddybde kunne det måske bruges.

Meld gerne ind hvis du ved noget om dette sted.",,2026-09-23,
broendby-kajakklub,TRUE,Brøndby Kajakklub,Ikke testet,Dock,"55.6111795, 12.4433082","Dette spot kunne potentielt anvendes til pumpfoil, men forholdene er ikke undersøgt endnu.

Meld gerne ind hvis du ved noget om dette sted.",,2026-09-23,
sundby-kajakklub,TRUE,Sundby Kajakklub,Ikke testet,Dock,"55.6641915, 12.6353470","Dette spot kunne potentielt anvendes til pumpfoil, men forholdene er ikke undersøgt endnu.

Meld gerne ind hvis du ved noget om dette sted.",,2026-09-23,
nivaa-kajakklub,TRUE,Nivå Kajakklub,Ikke testet,Dock,"55.9387412, 12.5254649","Dette spot kunne potentielt anvendes til pumpfoil, men forholdene er ikke undersøgt endnu.

Meld gerne ind hvis du ved noget om dette sted.",,2026-09-23,
hvidovre-roklub,TRUE,Hvidovre Roklub,Ikke testet,Dock,"55.6258108, 12.4987699","Dette spot kunne potentielt anvendes til pumpfoil, men forholdene er ikke undersøgt endnu.

Meld gerne ind hvis du ved noget om dette sted.",,2026-09-23,
amager-ro-og-kajakklub,TRUE,Amager Ro- og Kajakklub,Ikke testet,Dock,"55.6547276, 12.5631867","Dette spot kunne potentielt anvendes til pumpfoil, men forholdene er ikke undersøgt endnu.

Meld gerne ind hvis du ved noget om dette sted.",,2026-09-23,
nyborg-roklub,TRUE,Nyborg Roklub,Ikke testet,Dock,"55.3060725, 10.7871060","Dette spot kunne potentielt anvendes til pumpfoil, men forholdene er ikke undersøgt endnu.

Meld gerne ind hvis du ved noget om dette sted.",,2026-09-23,
solbjerg-soesport,TRUE,Solbjerg Søsport,Ikke testet,Dock,"56.0443118, 10.0781870","Dette spot kunne potentielt anvendes til pumpfoil, men forholdene er ikke undersøgt endnu.

Meld gerne ind hvis du ved noget om dette sted.",,2026-09-23,
vessoe,TRUE,Vessø,Ikke testet,Dock,"56.0731607, 9.7838620","Dette spot kunne potentielt anvendes til pumpfoil, men forholdene er ikke undersøgt endnu.

Meld gerne ind hvis du ved noget om dette sted.",,2026-09-23,
skanderborg-junior-sejlklub,TRUE,Skanderborg Junior Sejlklub,Ikke testet,Dock,"56.0284725, 9.9561564","Dette spot kunne potentielt anvendes til pumpfoil, men forholdene er ikke undersøgt endnu.

Meld gerne ind hvis du ved noget om dette sted.",,2026-09-23,
moegeloevej,TRUE,Møgeløvej,Ikke testet,Dock,"56.1260454, 9.6853538","Dette spot kunne potentielt anvendes til pumpfoil, men forholdene er ikke undersøgt endnu.

Meld gerne ind hvis du ved noget om dette sted.",,2026-09-23,
juulsborg,TRUE,Juulsborg,Ikke testet,Dock,"56.1223060, 9.6834021","Dette spot kunne potentielt anvendes til pumpfoil, men forholdene er ikke undersøgt endnu.

Meld gerne ind hvis du ved noget om dette sted.",,2026-09-23,
middelfart-kajakklub,TRUE,Middelfart Kajakklub,Ikke testet,Dock,"55.4925913, 9.7289812","Dette spot kunne potentielt anvendes til pumpfoil, men forholdene er ikke undersøgt endnu.

Meld gerne ind hvis du ved noget om dette sted.",,2026-09-23,
fk-odsherred-kajak,TRUE,FK Odsherred Kajak,Ikke testet,Dock,"55.7786920, 11.6129685","Dette spot kunne potentielt anvendes til pumpfoil, men forholdene er ikke undersøgt endnu.

Meld gerne ind hvis du ved noget om dette sted.",,2026-09-23,
holbaek-vinterbadere,TRUE,Holbæk Vinterbadere,Ikke testet,Dock,"55.7197450, 11.6966069","Dette spot kunne potentielt anvendes til pumpfoil, men forholdene er ikke undersøgt endnu.

Meld gerne ind hvis du ved noget om dette sted.",,2026-09-23,
holbaek-marina-vinterbadeklub,TRUE,Holbæk Marina (vinterbadeklub),Ikke testet,Dock,"55.7243785, 11.7628958","Status oktober 2025:
Badebroen ved vinterbadeklubben (markeret her på kortet) er en flydebro med et par meters dybde omkring. Den bliver dog fjernet, fordi den har det hårdt, når der er is om vinteren.
Billede: https://www.facebook.com/photo/?fbid=464156042404628

Nye broer:
- Vinterbadeklubben har lavet sin egen nye bro ca. 30 m længere inde mod land. Den er høj (ca. 1 m over vandet), så den er nok ikke så god til pumpfoil.
- Holbæk Marina har lavet en ny flyde-badebro ca. 50 m endnu længere mod land, beregnet til badning om sommeren. Den kan nok bruges til pumpfoil, men der er ikke så dybt omkring den.
Billede: https://www.facebook.com/photo.php?fbid=1127826856028759

Bundforhold:
Der vokser en del tang på bunden i hele bugten ved marinaen. Det kan give udfordringer, når tangen er højest om sommeren.

Andre Bemærkninger:
Pr. 6/10-2025 havde marinaen to flydebroer, men de bliver nok fjernet for vinteren, og så vidt vides er det kun den nyeste (Holbæk Marinas flyde-badebro), der kommer op igen. Placeringen på kortet er den gamle bro; den nye ligger ca. 80 m længere mod land.
Oplysningerne kommer fra en lokal, der ikke selv har prøvet at pumpfoile her.",,2025-10-07,Opdateret fra formularsvar 2025-10-07. Flyt evt. nålen til den nye flyde-badebro.
koege-marina-havnebad,TRUE,Køge Marina Havnebad,Ikke testet,Dock,"55.4727484, 12.1986977","Dette spot kunne potentielt anvendes til pumpfoil, men forholdene er ikke undersøgt endnu.

Meld gerne ind hvis du ved noget om dette sted.",,2026-09-23,
koege-havn,TRUE,Køge Havn,Ikke testet,Dock,"55.4703859, 12.1978212","Dette spot kunne potentielt anvendes til pumpfoil, men forholdene er ikke undersøgt endnu.

Meld gerne ind hvis du ved noget om dette sted.",,2026-09-23,
fredericia-roklub,TRUE,Fredericia Roklub,Ikke testet,Dock,"55.5697414, 9.7710719","Dette spot kunne potentielt anvendes til pumpfoil, men forholdene er ikke undersøgt endnu.

Meld gerne ind hvis du ved noget om dette sted.",,2026-09-23,
halskov-vandsportscenter,TRUE,Halskov Vandsportscenter,Ikke testet,Dock,"55.3471068, 11.1097935","Dette spot kunne potentielt anvendes til pumpfoil, men forholdene er ikke undersøgt endnu.

Meld gerne ind hvis du ved noget om dette sted.",,2026-09-23,
soendersoe-soebad,TRUE,Søndersø Søbad,Ikke testet,Dock,"56.4388729, 9.4178506",,,2026-09-23,
viborg-baadelaug,TRUE,Viborg Baadelaug,Ikke testet,Dock,"56.4548583, 9.4187356",,,2026-09-23,
viborg-roklub,TRUE,Viborg Roklub,Ikke testet,Dock,"56.4604120, 9.4237134",,,2026-09-23,
noerresoebadet-viborg,TRUE,"Nørresøbadet, Viborg",Ikke testet,Dock,"56.4621085, 9.4247694",,,2026-09-23,
virksund-lystbaadhavn,TRUE,Virksund Lystbådhavn,Ikke testet,Dock,"56.6084827, 9.2905872",,,2026-09-23,
tange-roklub,TRUE,Tange Roklub,Ikke testet,Dock,"56.3500211, 9.5829735",,,2026-09-23,
munkebo-sejl-og-roklub,TRUE,Munkebo Sejl og Roklub,Ikke testet,Dock,"55.4535320, 10.5545310","Dette spot kunne potentielt anvendes til pumpfoil, men forholdene er ikke undersøgt endnu.

Meld gerne ind hvis du ved noget om dette sted.",,2026-09-23,
munkebo-havn,TRUE,Munkebo Havn,Ikke testet,Dock,"55.4554822, 10.5587215","Dette spot kunne potentielt anvendes til pumpfoil, men forholdene er ikke undersøgt endnu.

Meld gerne ind hvis du ved noget om dette sted.",,2026-09-23,
odense-kajakklub,TRUE,Odense Kajakklub,Ikke testet,Dock,"55.4410731, 10.4220732","Dette spot kunne potentielt anvendes til pumpfoil, men forholdene er ikke undersøgt endnu.

Meld gerne ind hvis du ved noget om dette sted.",,2026-09-23,
odense-kajakklub-2,TRUE,Odense Kajakklub,Ikke testet,Dock,"55.4408388, 10.4221108","Dette spot kunne potentielt anvendes til pumpfoil, men forholdene er ikke undersøgt endnu.

Meld gerne ind hvis du ved noget om dette sted.",,2026-09-23,
klintebjerg-havn,TRUE,Klintebjerg Havn,Ikke testet,Dock,"55.4780286, 10.4511763","Dette spot kunne potentielt anvendes til pumpfoil, men forholdene er ikke undersøgt endnu.

Meld gerne ind hvis du ved noget om dette sted.",,2026-09-23,
korshavn,TRUE,Korshavn,Ikke testet,Dock,"55.6046060, 10.6091902","Dette spot kunne potentielt anvendes til pumpfoil, men forholdene er ikke undersøgt endnu.

Meld gerne ind hvis du ved noget om dette sted.",,2026-09-23,
kerteminde-havn,TRUE,Kerteminde Havn,Ikke testet,Dock,"55.4533633, 10.6655090","Dette spot kunne potentielt anvendes til pumpfoil, men forholdene er ikke undersøgt endnu.

Meld gerne ind hvis du ved noget om dette sted.",,2026-09-23,
kerteminde-havn-2,TRUE,Kerteminde Havn,Ikke testet,Dock,"55.4532109, 10.6655210","Dette spot kunne potentielt anvendes til pumpfoil, men forholdene er ikke undersøgt endnu.

Meld gerne ind hvis du ved noget om dette sted.",,2026-09-23,
kerteminde-roklub,TRUE,Kerteminde Roklub,Ikke testet,Dock,"55.4456212, 10.6564059","Dette spot kunne potentielt anvendes til pumpfoil, men forholdene er ikke undersøgt endnu.

Meld gerne ind hvis du ved noget om dette sted.",,2026-09-23,
kalundborg-roklub,TRUE,Kalundborg Roklub,Ikke testet,Dock,"55.6767937, 11.0731565","Dette spot kunne potentielt anvendes til pumpfoil, men forholdene er ikke undersøgt endnu.

Meld gerne ind hvis du ved noget om dette sted.",,2026-09-23,
frederiksvaerk-ro-og-kajakklub,TRUE,Frederiksværk Ro og Kajakklub,Ikke testet,Dock,"55.9660731, 11.9980186","Dette spot kunne potentielt anvendes til pumpfoil, men forholdene er ikke undersøgt endnu.

Meld gerne ind hvis du ved noget om dette sted.",,2026-09-23,
det-groenne-fyr,TRUE,Det Grønne Fyr,Ikke testet,Dock,"56.1618326, 10.2289866","Dette spot kunne potentielt anvendes til pumpfoil, men forholdene er ikke undersøgt endnu.

Meld gerne ind hvis du ved noget om dette sted.",,2026-09-23,
skanderborg-roklub,TRUE,Skanderborg Roklub,Virker ikke,Dock,"56.0426154, 9.9313388","Navn på Lokation:
Skanderborg Roklub

Adresse:
Døjsøvej 4, 8660 Skanderborg, Danmark

Beskrivelse af Dock:
Skanderborg Roklub råder over en imponerende flydedok, som giver en stabil og bred platform. Dog er vandet omkring roklubben meget lavvandet, og der er et betydeligt antal vandplanter, hvilket gør stedet uegnet til pumpfoil. Der er derfor begrænset mulighed for at gennemføre en ordentlig session.

Bundforhold:
Overvejende lavvandet med tæt vandplantevækst, som skaber udfordringer for alle former for foil-aktiviteter. Dybden øges ikke hurtigt nok til at give den nødvendige frihøjde under foilen.

Vind- og Vejrforhold:
Kan være rolige og egnede til vandsport, men de gunstige vindforhold ændrer ikke på de udfordrende bund- og planteforhold.

Tilgængelighed:
Gode parkeringsmuligheder i nærheden, og dokken er let at komme til. Området er primært fokuseret på roning, hvorfor det anbefales at kontakte roklubben ved eventuelle planer om brug af faciliteterne.

Konklusion:
På trods af en fremragende flydedok er Skanderborg Roklub ikke egnet til pumpfoil på grund af lav vanddybde og mange planter. Der findes bedre alternativer i området for foil-aktiviteter.",,2026-09-23,
aarhus-oe-jette-tikjoebs-plads,TRUE,Aarhus Ø (Jette Tikjøbs Plads),Virker ikke,Rock,"56.1679281, 10.2279754","Navn på Lokation:
Aarhus Ø – Ydersiden ved Badebroerne

Adresse:
Jette Tikjøbs Plads, 8000 Aarhus C, Danmark

Beskrivelse af Dock:
Langs ydersiden af Aarhus Ø findes der flere badebroer og områder med store sten, hvor man kunne overveje en rock start til pumpfoil. Dog er disse steder ikke ideelle til pumpfoil-aktiviteter. Badebroerne er designet til badende og har ikke den nødvendige plads eller struktur til en sikker dockstart.

Bundforhold:
Bundforholdene er desværre ikke gunstige for foiling. Hele vejen langs ydersiden, hvor badebroerne er placeret, er der lange undervandsplanter, som gør foiling umulig. Planterne kan nemt vikle sig ind i foilen og forhindre fremdrift eller forårsage pludselige stop, hvilket udgør en sikkerhedsrisiko.

Vind- og Vejrforhold:
Området er åbent mod havet og kan være udsat for vind fra forskellige retninger. Mens vindforholdene kan være passende for andre vandsportsaktiviteter, gør de lange undervandsplanter det uanset vejrforholdene upraktisk at foile her.

Tilgængelighed:
Aarhus Ø er let tilgængelig med gode parkeringsmuligheder i nærheden og offentlige transportforbindelser. Det er et populært område med mange besøgende, især i sommermånederne. Adgangen til vandet for pumpfoil er dog begrænset på grund af de udfordrende bundforhold og manglende egnede startsteder.

Faciliteter:
Området byder på en række faciliteter såsom caféer, restauranter, toiletter og rekreative områder. Det er et attraktivt sted for gåture, badning og sociale aktiviteter.

Sikkerhedstips:
Det frarådes at forsøge pumpfoil i dette område på grund af de lange undervandsplanter og manglen på egnede startsteder. Risikoen for at skade sig selv eller beskadige udstyret er høj. Hvis man alligevel overvejer at prøve, bør man være ekstremt forsigtig og først undersøge bundforholdene grundigt.

Lokale Regler og Restriktioner:
Da området er meget besøgt af badende og gående, er det vigtigt at vise hensyn. Der kan være restriktioner mod vandsportsaktiviteter tæt på badeområderne. Sørg for at følge eventuelle skiltninger og anvisninger fra lokale myndigheder.

Andre Bemærkninger:
Selvom Aarhus Ø er et attraktivt sted, er det desværre ikke velegnet til pumpfoil på grund af de lange undervandsplanter og mangel på egnede startsteder som rock start. Foilere anbefales at søge alternative lokationer med bedre forhold, såsom Egå Marina eller Knudsø, hvor der er mere optimale betingelser for pumpfoil.","https://mymaps.usercontent.google.com/hostedimage/m/*/3AAjQbR5JcqRjI8uRyXkLvhRRtTM0C0DeG8zx9ds2HDemsfmxYxHX7iiYvCMLaTF62sBK8Vz42f3RwK822Lh614mWeeXw0ggXJWGLhlP3TwgNxo0LGDF0rA77oc840jYw4Oc4N2CEVVI0LfNAL9834JDmaxPxPQN3obe4Syk0oQyhSdHVbNCQ72V5Vef8sT-bD0_E5MmIrTOc859w3DjsRMMGDDoI4s9nLBKmmxjzYNaVPZYdG2QQWD1YDGzFGj4?authuser=0&fife=s16383
https://mymaps.usercontent.google.com/hostedimage/m/*/3AAjQbR4K3N0p-qKByl9kfzRXSPR4Jsa_enF_h7kffdg34EuIq_KAXPKMpVBL6979UVCMSGaRxWUNyHWnm2VE07AeyNbgav8k5NoZSCN7FOIQtI6xmLwhGmclv_0MQserYVUUOXp84b-VXlnrkHvfkAuLLJrnfkKwOSQNaOTcY1qXHwABhGoTEbNOdT89-vypbluzMzd-JWfrYnGKUPjm0nneMnIy123Z-kdZra6VNZwO_g1faEMgWA3y5Gbj0G4?authuser=0&fife=s16383",2026-09-23,
skive-roklub,TRUE,Skive Roklub,Virker ikke,Dock,"56.5741625, 9.0533831","Adresse:
Skive Roklub, Strandvejen 1, 7800 Skive, Danmark

Data fra juli 2025:

Beskrivelse af Dock:
Der er en pænt dimensioneret EasyFloat-dock, som normalt fungerer rigtig godt til dockstart. Højden og underlaget er ideelt.

Bundforhold:
På testdagen var området lige foran docken dækket af slyngplanter, som gjorde det umuligt at få et rent afsæt. Vandet var desuden meget grumset, hvilket både kan skyldes årstiden og uheldige forhold netop den dag.

Vind- og Vejrforhold:
Ikke vurderet, da spot’et ikke var brugbart pga. planter og sigtbarhed i vandet.

Tilgængelighed:
Nem adgang til roklubben med parkering tæt ved.

Andre Bemærkninger:
Ikke egnet til dockstart på testtidspunktet. Docken er i sig selv god, men slyngplanter og dårligt vand gjorde det ubrugeligt. Måske kan det være anderledes senere på sæsonen eller efter oprydning.","https://mymaps.usercontent.google.com/hostedimage/m/*/3AAjQbR4ai2NfTJfDXq31tGv2u_lFtVdnPc60njQnCp4E1Qs-04dIWY3CQzSB27853B4ML7LMSGCy4s91vO_8Is-9rW1Yl2aJ_QYtLgIKwDAIgkSUlp0ngKFfnYdbF5eu03brsNL2hARBdSalONgpPM0fFcxy9QjDTdRNIPrnvJYKgLp3nR4JtTUeHlrBtQkJpRrolIH0EvAl-dZYt87yR7abOR3MHdRPw7iQlT54rHW1nuk4XqmyCNC2OzLOtYs?authuser=0&fife=s16383
https://mymaps.usercontent.google.com/hostedimage/m/*/3AAjQbR5jG4EEzS1d_dtUKjTNWQMMpZyucxyq1lFKc0PUGJtrUW1otXpb-CSnLBde5erbrEtaQM_jT__mTgu4BWYVoMt_ES_ln7G10srNdmAX9I-K0negxegkpf6nsJ8zv-0-XljYLd6w8e5jvFtVAy-rUE9o5EPtp--fwVH9e09hAoK-9ouC197Cpln7wiV3bJIn_ITDYlMzowhRwrjSzzr1Io_-8ca8ZBm6J7ma-vfJbnkHPbz1nsU_rGJJ91E?authuser=0&fife=s16383
https://mymaps.usercontent.google.com/hostedimage/m/*/3AAjQbR7J7b6rcwbZCGVepAHNRIyamP_Y2omHTTMKx-zZxG7nk7Ae2jwFfKrcUyduc8iDy-_RcO0Q7cFFjH8Pg5DlgnE1-wqWOqUvlxoTZj3fQoD5Ac0emr5pJpP2LW4HFvaNBhddraYK-3aXfb69g2f9ZxiHXdSAmv7QOFpaGD9mVjruXlx72_oBkRVkEn3daY7M6dhQoXuuPiBa4J2fgLyZIngtcNQk8E0wuNm0h8GEBvZDVbrh_UDOxrUNQtk?authuser=0&fife=s16383
https://mymaps.usercontent.google.com/hostedimage/m/*/3AAjQbR7vuCZtjKvyMd5xblAogz7tvSu-uRx7mpbqe3OJcGpljRWAzx67GXZw70rirQ_rjQay3t5tp8MKgWSBnm_zdJFbr7pzGBgwuzTQO2v0BlfTu8zaia4irNGRL-loSfRFPG1NOV46QyKpkC1p4rFfezsEitcTHN_sIvB_OjDg8ImCCd3rpLy3_zj_LV0Ku92LwTHxsZyfTBAGjNjC0RwEPADhfoJDa0UH3a7BKomqwMntge1ZXmByt5oAOrU?authuser=0&fife=s16383",2026-09-23,
badehuset-stationsgade,TRUE,"Badehuset, Stationsgade",Virker ikke,Dock,"56.1814776, 10.2365360","Testet maj 2025. Her var det ikke egnet til løbende dock start. Måske til jumpstart.
Svære parkeringsforhold.",,2026-09-23,
brabrand-soe-rostadion,TRUE,Brabrand Sø (Rostadion),Virker ikke,Dock,"56.1496938, 10.1084644","God flyde dock som kan virke tillokkende. Men lad det blive ved tanken. Brabrand Sø er IKKE ren nok til pump foiling på nuværende tidspunkt (2025), både pga. alger og E-coli bakterier som særligt sommer når kloakkerne skyller over pga. regn.",,2026-09-23,
guldborgsund-kajakklub,TRUE,Guldborgsund Kajakklub,Ikke testet,Dock,"54.7597186, 11.8579499",,,2026-09-23,
spot,TRUE,,Ikke testet,Dock,"54.7714171, 11.8614090",,,2026-09-23,Uden navn i My Maps
spot-2,TRUE,,Ikke testet,Dock,"54.6650588, 11.7277599",,,2026-09-23,Uden navn i My Maps
spot-3,TRUE,,Ikke testet,Dock,"54.8034498, 11.6329350",,,2026-09-23,Uden navn i My Maps
spot-4,TRUE,,Ikke testet,Dock,"54.8917322, 12.0379804",,,2026-09-23,Uden navn i My Maps
spot-5,TRUE,,Ikke testet,Dock,"55.0032683, 11.9202664",,,2026-09-23,Uden navn i My Maps
spot-6,TRUE,,Ikke testet,Dock,"54.9816516, 12.2827867",,,2026-09-23,Uden navn i My Maps
spot-7,TRUE,,Ikke testet,Dock,"54.9324214, 10.8311676",,,2026-09-23,Uden navn i My Maps
spot-8,TRUE,,Ikke testet,Dock,"54.8940313, 10.4084876",,,2026-09-23,Uden navn i My Maps
spot-9,TRUE,,Ikke testet,Dock,"55.6510064, 12.0767641",,,2026-09-23,Uden navn i My Maps
spot-10,TRUE,,Ikke testet,Dock,"55.6781026, 12.0697980",,,2026-09-23,Uden navn i My Maps
spot-11,TRUE,,Ikke testet,Dock,"55.6800540, 11.9452178",,,2026-09-23,Uden navn i My Maps
spot-12,TRUE,,Ikke testet,Dock,"55.5353974, 12.2344669",,,2026-09-23,Uden navn i My Maps
spot-13,TRUE,,Ikke testet,Dock,"55.7863240, 12.4434449",,,2026-09-23,Uden navn i My Maps
spot-14,TRUE,,Ikke testet,Dock,"55.4815926, 8.4115494",,,2026-09-23,Uden navn i My Maps
spot-15,TRUE,,Ikke testet,Dock,"55.8495754, 8.2789522",,,2026-09-23,Uden navn i My Maps
spot-16,TRUE,,Ikke testet,Dock,"56.4954541, 8.5868190",,,2026-09-23,Uden navn i My Maps
spot-17,TRUE,,Ikke testet,Dock,"56.4945475, 8.5916439",,,2026-09-23,Uden navn i My Maps
spot-18,TRUE,,Ikke testet,Dock,"55.0413389, 9.4328953",,,2026-09-23,Uden navn i My Maps
spot-19,TRUE,,Ikke testet,Dock,"55.2709475, 9.8842840",,,2026-09-23,Uden navn i My Maps
spot-20,TRUE,,Ikke testet,Dock,"57.0590493, 9.8870325",,,2026-09-23,Uden navn i My Maps
grenaa-lagune-flydebro,TRUE,Grenå Lagune Flydebro,Ikke testet,Dock,"56.4035172, 10.9207743",,,2026-09-23,
kalvebod-boelge,TRUE,Kalvebod Bølge,Virker,Dock,"55.6678562, 12.5732643","Beskrivelse af Dock:
Dock til dropstart i højder fra ca. 80 cm til 130 cm. Start ved siden af Kajakhotellet eller ved siden af badestedet (Kalvebod Bølge Badezone, ca. 150 m mod nord).",,2025-10-18,Fra formularsvar 2025-10-18. Status sat ud fra indsenders beskrivelse.
lynghoejsoeerne-roskilde,TRUE,"Lynghøjsøerne, Lyngager Sø (Roskilde)",Ikke testet,Dock,"55.6258565, 12.0126633","Beskrivelse af Dock:
Der er en tømmerflåde, der hænger sammen med badestranden, og en tømmerflåde midt i søen.",,2026-04-28,Fra formularsvar 2026-04-28. Nålen er ved badestranden.
hundige-havn-hejren,TRUE,"Hundige Havn, Hejren (slæbested)",Virker,Dock,"55.5947798, 12.3570275","Beskrivelse af Dock:
Bro i passende højde. Foilen kan gå under broen, så der er mulighed for en glidende start.

Vind- og Vejrforhold:
Indsø med læ. Fint begyndersted.

Faciliteter:
Bord, bænke og parkering.

Lokale Regler og Restriktioner:
Tilhører den lokale sejlklub, så brug stedet med respekt.",,2026-05-05,Fra formularsvar 2026-05-05. Status sat ud fra indsenders beskrivelse.
grusen-waterhub-lynge,TRUE,"Grusen Waterhub, Lynge",Virker,Dock,"55.8307244, 12.2919725","Beskrivelse af Dock:
Flydeponton ved Grusen Waterhub i den nedlagte grusgrav ved Lynge.

Bundforhold:
Dejlig dyb og klar sø omgivet af smuk natur.

Sikkerhedstips:
Når kabelbanen er åben, er der en del aktivitet ved pontonen, og man står nemt i vejen for wakeboarderne. Resten af tiden er stedet perfekt.

Tilgængelighed:
Parkering for enden af Stensøvej ved bommen (kør ind på pladsen ved Norrecco). Se https://grusen.dk for kabelbanens åbningstider, parkering m.m.",,2026-07-26,Fra formularsvar 2026-07-26. Status sat ud fra indsenders beskrivelse.
